Tarea,Accuracy,F1-Score (macro),F1-Score (weighted)
Task 1,0.6701007326007326,0.6630238610912356,0.6608549620820059
Task 2,0.5224358974358975,0.2350183189055711,0.4035985326323839
