Tarea,Accuracy,F1-Score (macro),F1-Score (weighted)
Task 1,0.7042124542124543,0.7038724870812152,0.7034268544902667
Task 2,0.5789835164835165,0.3999267562091065,0.5206916051083093
